,Year,Movie,Oscar_nominee,Oscar_winner,Predicted Win Rate
499,2019,In the Shadow of the Moon,0,0,0.045
484,2019,The Dead Don't Die,0,0,0.045
494,2019,The Laundromat,0,0,0.044
490,2019,In the Tall Grass,0,0,0.044
481,2019,Fractured,0,0,0.044
455,2019,Polar,0,0,0.044
497,2019,The Dirt,0,0,0.044
480,2019,Dolemite Is My Name,0,0,0.043
457,2019,Klaus,0,0,0.041
453,2019,The King,0,0,0.041
